Event,Room,Category,Color,TimeSlot
"""Make It to Fake It"" (How to Make EVA Foam Look Like Anything )","('Sheraton', 'Workshop Fairfax')",Arts and Crafting|Partner Content,#CC99FF|#FF69B4,"['19:30', '19:45', '20:00', '20:15']"
25 Great Anime Movies you've Never Heard of,"('Hynes', 'Panel 208')",Panel,#72B7ED,"['16:00', '16:15', '16:30', '16:45']"
25 Years Behind the Mic with Greg Ayres,"('Hynes', 'Events 302')",Guest Content,#00FF00,"['18:00', '18:15', '18:30', '18:45']"
30 Years Ago: Anime in 1995,"('Hynes', 'Panel 207')",Guest Content,#00FF00,"['12:30', '12:45', '13:00', '13:15']"
50 Years of Black Jack,"('Hynes', 'Panel 208')",Panel,#72B7ED,"['17:30', '17:45', '18:00', '18:15']"
50% off,"('Hynes', 'Fan Creations 312')",Fan Creations,#CCFF66,"['20:45', '21:00', '21:15', '21:30', '21:45', '22:00', '22:15', '22:30']"
A Beginner's Guide to Idol Dance,"('Hynes', 'Panel 309')",Idols and VTubers,#CCFFFF,"['11:00', '11:15', '11:30', '11:45']"
A Cozy Conversation with Jill Harris & Kana Ichinose,"('Sheraton', 'Grand Ballroom')",Panel,#72B7ED,"['14:00', '14:15', '14:30', '14:45']"
A History of the Japanese Sword,"('Hynes', 'Panel 310')",Partner Content,#FF69B4,"['15:00', '15:15', '15:30', '15:45']"
A Look at Anime in the 90s,"('Hynes', 'Panel 310')",Fan Content,#FF69B4,"['12:00', '12:15', '12:30', '12:45']"
AMV Contest,"('Hynes', 'Ballroom B')",Video,#66A3D2,"['21:00', '21:15', '21:30', '21:45', '22:00', '22:15', '22:30', '22:45', '23:00', '23:15']"
AMV Genkis,"('Hynes', 'Fan Creations 312')",Family Friendly,#A64FF7,"['09:00', '09:15', '09:30', '09:45']"
AMV Sing-A-Long,"('Hynes', 'Fan Creations 312')",Video,#66A3D2,"['13:00', '13:15', '13:30', '13:45']"
All the Feels,"('Hynes', 'Fan Creations 312')",Fan Creations,#CCFF66,"['17:30', '17:45', '18:00', '18:15']"
American 'Anime' That Time Forgot,"('Sheraton', 'Panel Constitution B')",Anime,#FFFF00,"['18:30', '18:45', '19:00', '19:15']"
Anime Jeopardy!,"('Hynes', 'Panel 310')",Gameshow,#72B7ED,"['19:30', '19:45', '20:00', '20:15']"
Anime On Trial,"('Sheraton', 'Panel Constitution B')",Stage Show,#AFE1F1,"['12:30', '12:45', '13:00', '13:15']"
Anime Squares – The Ultimate Otaku Trivia Showdown!,"('Hynes', 'Panel 310')",Gameshow,#72B7ED,"['18:00', '18:15', '18:30', '18:45']"
BL Bang Marry Kill,"('Hynes', 'Panel 207')",Fan Content,#FF69B4,"['17:00', '17:15', '17:30', '17:45']"
BLUE ENCOUNT & Reol Concert,"('Hynes', 'Memorial Auditorium')",Concert,#AFE1F1,"['20:00', '20:15', '20:30', '20:45', '21:00', '21:15', '21:30', '21:45']"
Beyond Gundam: The Amazing Yoshiyuki Tomino,"('Hynes', 'Panel 208')",Anime,#FFFF00,"['14:30', '14:45', '15:00', '15:15']"
Caitlin Glass Q&A,"('Sheraton', 'Panel Constitution A')",Guest Content,#00FF00,"['14:30', '14:45', '15:00', '15:15']"
Charity Ball,"('Hynes', 'Ballroom A')",Social Event,#F7931E,"['16:30', '16:45', '17:00', '17:15', '17:30', '17:45', '18:00', '18:15', '18:30', '18:45', '19:00', '19:15']"
Circus Spectacular,"('Hynes', 'Ballroom B')",Family Friendly,#A64FF7,"['15:30', '15:45', '16:00', '16:15']"
Con Survival: How to Make the Most Out of Cons,"('Hynes', 'Panel 207')",Con Culture,#00FFFF,"['11:00', '11:15', '11:30', '11:45']"
Connecting the Borders: A ClariS Fan Panel,"('Sheraton', 'Panel Constitution B')",Music,#CCFFFF,"['23:00', '23:15', '23:30', '23:45']"
Cosplay Bingo,"('Hynes', 'Events 302')",Family Friendly,#A64FF7,"['11:00', '11:15', '11:30', '11:45']"
Cosplay Death Match,"('Hynes', 'Memorial Auditorium')",Stage Show,#AFE1F1,"['13:00', '13:15', '13:30', '13:45', '14:00', '14:15', '14:30', '14:45']"
Cosplay In Character Contest - Qualifiers,"('Hynes', 'Ballroom B')",Stage Show,#AFE1F1,"['19:00', '19:15', '19:30', '19:45']"
Creator Spotlight,"('Hynes', 'Fan Creations 312')",Video,#66A3D2,"['12:00', '12:15', '12:30', '12:45']"
Dark Horse: Eizouken: Before and Beyond the Anime,"('Hynes', 'Panel 207')",Industry Content,#55ED99,"['18:30', '18:45', '19:00', '19:15']"
Embracing the Uncertainty of World Building,"('Sheraton', 'Panel Republic')",Arts and Crafting,#CC99FF,"['19:30', '19:45', '20:00', '20:15']"
Enamel Pins 101: Drawing and Producing Portable Artwork,"('Hynes', 'Panel 202')",Partner Content,#FF69B4,"['21:00', '21:15', '21:30', '21:45']"
Fandom Obasan- 25 Years of BL fandom,"('Hynes', 'Panel 309')",Fan Content,#FF69B4,"['22:00', '22:15', '22:30', '22:45']"
Form and Fashion: The World of DIY and Alterations in Lolita Fashion,"('Hynes', 'Panel 202')",Fashion,#CC99FF,"['12:00', '12:15', '12:30', '12:45']"
Formal Ball Dance Lessons,"('Hynes', 'Ballroom A')",Dance,#CCFFFF,"['15:30', '15:45', '16:00', '16:15']"
Free Will and Determinism in Anime,"('Hynes', 'Panel 202')",Panel,#72B7ED,"['09:00', '09:15', '09:30', '09:45']"
From Screen to Kitchen: Adapting Existing Worlds into Recipes,"('Hynes', 'Panel 310')",Panel,#72B7ED,"['09:00', '09:15', '09:30', '09:45']"
Girls Band Panel: Celebrating 10 Years of BanG Dream!,"('Hynes', 'Panel 202')",Anime,#FFFF00,"['15:00', '15:15', '15:30', '15:45']"
Godzilla: 70 Years Strong,"('Hynes', 'Panel 309')",History,#CCFFCC,"['18:30', '18:45', '19:00', '19:15', '19:30', '19:45']"
Guess That Anime,"('Hynes', 'Panel 309')",Fan Content,#FF69B4,"['15:30', '15:45', '16:00', '16:15']"
Gundam Building - Beginner,"('Sheraton', 'Panel Gardner')",Partner Content|Workshop,#F7931E|#FF69B4,"['13:30', '13:45', '14:00', '14:15']"
Gundam Building - Intermediate,"('Sheraton', 'Panel Gardner')",Workshop,#F7931E,"['15:00', '15:15', '15:30', '15:45']"
HIDIVE Presents 2.5 Dimensional Seduction Dub Special Screening Eps 1 & 2,"('Hynes', 'Video 210')",Anime,#FFFF00,"['16:30', '16:45', '17:00', '17:15']"
Harlequin Manga : translating romance for Japanese readers,"('Sheraton', 'Panel Gardner')",Manga,#CCFF00,"['18:00', '18:15', '18:30', '18:45']"
History of the Mecha Genre,"('Hynes', 'Events 302')",Fan Content,#FF69B4,"['19:30', '19:45', '20:00', '20:15']"
How Do You Say Atelier? A Starter Guide to Synthesis and Story,"('Hynes', 'Panel 208')",Gaming,#FFCC00,"['20:30', '20:45', '21:00', '21:15']"
How to Frankenstein a Pattern for Cosplay,"('Sheraton', 'Workshop Fairfax')",Cosplay,#CC99FF,"['15:30', '15:45', '16:00', '16:15', '16:30', '16:45']"
"I'm not OLD, But My Knees ARE Creaking (2005)","('Hynes', 'Fan Creations 312')",Fan Creations,#CCFF66,"['19:00', '19:15', '19:30']"
Idoling IRL: A Survival Guide for Beginners,"('Hynes', 'Panel 310')",Idols and VTubers,#CCFFFF,"['16:30', '16:45', '17:00', '17:15']"
Into The Sunshine: A Look Back at Aqours!,"('Sheraton', 'Panel Constitution A')",Panel,#72B7ED,"['17:30', '17:45', '18:00', '18:15']"
Intro to J-horror,"('Hynes', 'Panel 309')",Fan Content,#FF69B4,"['01:00', '01:15', '01:30', '01:45']"
Isekai Webtoon Market Saturation,"('Hynes', 'Panel 202')",Fan Content,#FF69B4,"['18:00', '18:15', '18:30', '18:45']"
JDrama 101: Exploring the wonderful world of Japanese Dramas,"('Sheraton', 'Panel Constitution B')",Panel,#72B7ED,"['20:00', '20:15', '20:30', '20:45']"
JET – Japanese Exchange and Teaching Program Information Session,"('Hynes', 'Panel 310')",Travel,#CCFFCC,"['13:30', '13:45', '14:00', '14:15']"
Jam Zone: Berklee Anime Band,"('Sheraton', 'Panel Republic')",Music,#CCFFFF,"['13:00', '13:15', '13:30', '13:45']"
Jam Zone: Off-Knowneous,"('Sheraton', 'Panel Republic')",Music,#CCFFFF,"['15:00', '15:15', '15:30', '15:45']"
Jam Zone: Shiori Kubrick,"('Sheraton', 'Panel Republic')",Music,#CCFFFF,"['11:00', '11:15', '11:30', '11:45']"
Jam Zone: Sora,"('Sheraton', 'Panel Republic')",Music,#CCFFFF,"['09:00', '09:15', '09:30', '09:45']"
Japan and the World's Game: Exploring Football in Anime,"('Hynes', 'Panel 309')",Anime,#FFFF00,"['23:30', '23:45', '00:00', '00:15']"
K-Pop 101,"('Hynes', 'Panel 207')",Panel,#72B7ED,"['14:00', '14:15', '14:30', '14:45']"
K-Pop Dance Workshop,"('Hynes', 'Ballroom A')",Partner Content,#FF69B4,"['12:00', '12:15', '12:30', '12:45']"
"K-Pop Survival! Save One, Drop One","('Hynes', 'Events 302')",Music,#CCFFFF,"['16:30', '16:45', '17:00', '17:15']"
LGBT and U,"('Hynes', 'Fan Creations 312')",Video,#66A3D2,"['16:45', '17:00', '17:15']"
Learn To Use Dance in Cosplay Photos and Performance,"('Hynes', 'Panel 309')",Guest Content,#00FF00,"['14:00', '14:15', '14:30', '14:45']"
Let's $ew! Dino Nuggies!,"('Sheraton', 'Workshop Fairfax')",Workshop,#F7931E,"['11:00', '11:15', '11:30', '11:45', '12:00', '12:15', '12:30', '12:45']"
Let's $ew! a Ditto!,"('Sheraton', 'Workshop Fairfax')",Arts and Crafting,#CC99FF,"['13:00', '13:15', '13:30', '13:45', '14:00', '14:15', '14:30', '14:45']"
Lolita Fashion 101,"('Hynes', 'Panel 202')",Panel,#72B7ED,"['16:30', '16:45', '17:00', '17:15']"
Lovely Complex,"('Hynes', 'Video 210')",Video,#66A3D2,"['14:00', '14:15', '14:30', '14:45', '15:00', '15:15', '15:30', '15:45']"
Lunar: A Story Not Forgotten,"('Sheraton', 'Panel Gardner')",History,#CCFFCC,"['21:00', '21:15', '21:30', '21:45']"
Manga Demographics and You,"('Sheraton', 'Panel Gardner')",Fan Content,#FF69B4,"['16:30', '16:45', '17:00', '17:15']"
Manga for Teachers and Librarians,"('Hynes', 'Panel 202')",Fan Content,#FF69B4,"['13:30', '13:45', '14:00', '14:15']"
Meet Ayamine-sensei: Behind The Feisty Omega and His Twin Mates,"('Sheraton', 'Panel Constitution A')",Guest Content,#00FF00,"['16:00', '16:15', '16:30', '16:45']"
Meet Kaiji Tang,"('Sheraton', 'Panel Constitution A')",Guest Content,#00FF00,"['13:00', '13:15', '13:30', '13:45']"
Meet Yuriko Yamaguchi,"('Sheraton', 'Panel Constitution B')",Guest Content,#00FF00,"['14:00', '14:15', '14:30', '14:45']"
Modern Samurai: Life in the Japanese Self-Defense Forces,"('Hynes', 'Panel 202')",Panel,#72B7ED,"['22:30', '22:45', '23:00', '23:15']"
Older Than VHS: Gen-X Recollections On The Early Days Of American Anime Fandom,"('Hynes', 'Panel 208')",Partner Content,#FF69B4,"['19:00', '19:15', '19:30', '19:45']"
One Punch Man,"('Hynes', 'Video 210')",Video,#66A3D2,"['18:00', '18:15', '18:30', '18:45', '19:00', '19:15', '19:30', '19:45']"
Opening Ceremonies,"('Hynes', 'Memorial Auditorium')",Family Friendly,#A64FF7,"['10:00', '10:15', '10:30', '10:45', '11:00', '11:15']"
Original Fan Animation,"('Hynes', 'Fan Creations 312')",Fan Creations,#CCFF66,"['10:00', '10:15', '10:30', '10:45', '11:00', '11:15']"
Otaku University: Anime to Learn From,"('Sheraton', 'Panel Constitution B')",Panel,#72B7ED,"['17:00', '17:15', '17:30', '17:45']"
Our (Returning) Neighbor Kihara-san: Celebrating 40 Years of Studio Ghibli,"('Sheraton', 'Grand Ballroom')",Guest Content,#00FF00,"['12:30', '12:45', '13:00', '13:15']"
Pokemon Gathering,"('Hynes', 'Ballroom A')",Social Gatherings,#FF3366,"['10:00', '10:15', '10:30', '10:45']"
Pretty Cure: The Best Magical Girl Anime You've Never Heard Of,"('Hynes', 'Panel 309')",Panel,#72B7ED,"['20:30', '20:45', '21:00', '21:15']"
Ridiculous History: Crazy Videos from AB AMV Contests Past,"('Hynes', 'Fan Creations 312')",Video,#66A3D2,"['18:30', '18:45']"
Samurai Champloo Cast Reunion,"('Hynes', 'Events 302')",Anime,#FFFF00,"['15:00', '15:15', '15:30', '15:45']"
Samurai Troopers Ronin Warriors,"('Hynes', 'Video 210')",Video,#66A3D2,"['08:00', '08:15', '08:30', '08:45', '09:00', '09:15', '09:30', '09:45']"
Setsuko Hara: Japan's Most Mysterious Actress,"('Sheraton', 'Panel Gardner')",History,#CCFFCC,"['19:30', '19:45', '20:00', '20:15']"
Sketchbook Swap,"('Sheraton', 'Workshop Fairfax')",Social Event|Workshop,#F7931E,"['17:30', '17:45', '18:00', '18:15', '18:30', '18:45']"
Slumber Party,"('Hynes', 'Ballroom A')",Family Friendly,#A64FF7,"['00:00', '00:15', '00:30', '00:45', '01:00', '01:15']"
So... You Want to be a Pokémon Master?,"('Hynes', 'Panel 309')",Fan Content,#FF69B4,"['17:00', '17:15', '17:30', '17:45']"
"Spirits, Shadows, and Legends","('Sheraton', 'Panel Constitution B')",Fan Content,#FF69B4,"['21:30', '21:45', '22:00', '22:15']"
SportsBalls,"('Hynes', 'Fan Creations 312')",Sports,#CCFFCC,"['22:45', '23:00', '23:15', '23:30']"
Swap Meet,"('Hynes', 'Ballroom A')",Activity,#F7931E,"['20:30', '20:45', '21:00', '21:15', '21:30', '21:45', '22:00', '22:15']"
The Great Divide,"('Hynes', 'Fan Creations 312')",Video,#66A3D2,"['11:30', '11:45']"
The History of Digimon in America,"('Sheraton', 'Panel Constitution A')",Panel,#72B7ED,"['10:00', '10:15', '10:30', '10:45']"
The Lasting Impact of the Rose of Versailles,"('Hynes', 'Panel 208')",Panel,#72B7ED,"['10:00', '10:15', '10:30', '10:45']"
There’s a Live Action Version?! An Intro to Anime Musicals,"('Hynes', 'Panel 208')",Panel,#72B7ED,"['11:30', '11:45', '12:00', '12:15']"
Throwdown,"('Hynes', 'Fan Creations 312')",Fan Creations,#CCFF66,"['19:45', '20:00', '20:15', '20:30']"
Totally Subversive 'Toons,"('Sheraton', 'Panel Republic')",Panel,#72B7ED,"['21:00', '21:15', '21:30', '21:45', '22:00', '22:15']"
Touhou: The Truth behind Yokai and Gods,"('Hynes', 'Panel 207')",Gaming,#FFCC00,"['09:30', '09:45', '10:00', '10:15']"
Traditional Clothing in Cosplay,"('Hynes', 'Panel 202')",Fan Content,#FF69B4,"['10:30', '10:45', '11:00', '11:15']"
Traveling to Japan in 2025: What's Changed?,"('Hynes', 'Panel 202')",Panel,#72B7ED,"['19:30', '19:45', '20:00', '20:15']"
Tutu Making for Cosplay,"('Hynes', 'Panel 207')",Guest Content,#00FF00,"['15:30', '15:45', '16:00', '16:15']"
"Um, Actually","('Hynes', 'Events 302')",Gameshow,#72B7ED,"['13:00', '13:15', '13:30', '13:45', '14:00', '14:15']"
Urasawa's Universe,"('Sheraton', 'Panel Constitution B')",Panel,#72B7ED,"['09:30', '09:45', '10:00', '10:15']"
Urusei Yatsura (Season 3),"('Hynes', 'Video 210')",Video,#66A3D2,"['20:00', '20:15', '20:30', '20:45', '21:00', '21:15', '21:30', '21:45']"
Visual Style of the SHAFT School,"('Hynes', 'Panel 208')",Anime,#FFFF00,"['13:00', '13:15', '13:30', '13:45']"
WTF AMVs,"('Hynes', 'Fan Creations 312')",Video,#66A3D2,"['14:15', '14:30', '14:45', '15:00']"
Weird Biology in Final Fantasy VII,"('Hynes', 'Panel 310')",Gaming,#FFCC00,"['10:30', '10:45', '11:00', '11:15']"
Western Animation Voice Acting and Anime Dubbing,"('Sheraton', 'Panel Constitution B')",Anime,#FFFF00,"['15:30', '15:45', '16:00', '16:15']"
What Show Is That!?!,"('Hynes', 'Fan Creations 312')",Video,#66A3D2,"['15:30', '15:45', '16:00', '16:15']"
What is happening to Anime moms???,"('Sheraton', 'Panel Constitution A')",Fan Content,#FF69B4,"['11:30', '11:45', '12:00', '12:15']"
Who Wants to be an Animillionaire?,"('Hynes', 'Events 302')",Partner Content,#FF69B4,"['21:00', '21:15', '21:30', '21:45', '22:00', '22:15']"
World Masterpiece Theater: Biggest Anime Ever,"('Hynes', 'Panel 207')",Anime,#FFFF00,"['20:00', '20:15', '20:30', '20:45']"
Yassify Your Cosplay Makeup,"('Sheraton', 'Panel Constitution B')",Fan Content,#FF69B4,"['11:00', '11:15', '11:30', '11:45']"
Your Turn to Die Trivia!,"('Hynes', 'Panel 309')",Gameshow,#72B7ED,"['09:30', '09:45', '10:00', '10:15']"
hololive English -Justice-,"('Sheraton', 'Panel Republic')",Guest Content,#00FF00,"['18:00', '18:15', '18:30', '18:45']"
